Workbook

Sheet 1-Study Identification
A1: Study Identification
A2: Study ID | B2: Title | C2: DOI | D2: Year
A3: SCOPUS-000349 | B3: Drone-Aided Detection of Weeds: Transfer Learning for Embedded Image Processing | C3: 10.1109/JSTARS.2022.3224657 | D3: 2022
A4: SCOPUS-000473 | B4: ConvNeXt based semi-supervised approach with consistency regularization for weeds classification | C4: 10.1016/j.eswa.2023.122222 | D4: 2024
A5: SCOPUS-000722 | B5: DeepVeg- Deep Learning Model for Segmentation of Weed, Canola, and Canola Flea Beetle Damage | C5: 10.1109/ACCESS.2021.3108003 | D5: 2021
A6: SCOPUS-000153 | B6: UNET-SA: A Spatial Attention Enhanced UNET for Crop–Weed Segmentation in UAV-Based Pigeon Pea Fields | C6: 10.32985/ijeces.17.4.1 | D6: 2026
A7: SCOPUS-000522 | B7: Intelligent Weed Management Based on Object Detection Neural Networks in Tomato Crops | C7: 10.3390/agronomy12122953 | D7: 2022
A8: SCOPUS-000487 | B8: Multi-Spectral Image Synthesis for Crop/Weed Segmentation in Precision Farming | C8: 10.1016/j.robot.2021.103861 | D8: 2021
A9: SCOPUS-000328 | B9: Multi-level feature re-weighted fusion for the semantic segmentation of crops and weeds | C9: 10.1016/j.jksuci.2023.03.023 | D9: 2023
A10: SCOPUS-000234 | B10: YOLOv8 Model for Weed Detection in Wheat Fields Based on a Visual Converter and Multi-Scale Feature Fusion | C10: 10.3390/s24134379 | D10: 2024
A11: SCOPUS-000220 | B11: YOLO-SW: A Real-Time Weed Detection Model for Soybean Fields Using Swin Transformer and RT-DETR | C11: 10.3390/agronomy15071712 | D11: 2025
A12: SCOPUS-000195 | B12: Smart weed recognition in saffron fields based on an improved EfficientNetB0 model and RGB images | C12: 10.1038/s41598-025-00331-9 | D12: 2025
A13: SCOPUS-000139 | B13: Generative AI-based pipeline architecture for increasing training efficiency in intelligent weed control systems | C13: 10.1016/j.sysarc.2025.103464 | D13: 2025
... A24: SCOPUS-000611 | B24: A Lightweight Deep Learning Model for Identifying Weeds in Corn and Soybean Using Quantization | C24: 10.3390/ASEC2023-15811 | D24: 2023
A25: SCOPUS-000738 | B25: A Patch-Image Based Classification Approach for Detection of Weeds in Sugar Beet Crop | C25: 10.1109/ACCESS.2021.3109015 | D25: 2021
A26: SCOPUS-000114 | B26: Advanced classification techniques for weed and crop species recognition using machine learning algorithms | C26: 10.11591/ijaas.v14.i2.pp300-309 | D26: 2025
A27: SCOPUS-000366 | B27: A Combination of Transfer Learning and Support Vector Machine for Robust Classification on Small Weed and Potato Datasets | C27: 10.30630/joiv.7.2.1164 | D27: 2023
A28: SCOPUS-000283 | B28: TARGET DETECTION FOR WEEDING ROBOTS BASED ON IMPROVED YOLOv11 MODELS | C28: 10.1590/1809-4430-Eng.Agric.v45e20250032/2025 | D28: 2025
A29: SCOPUS-000276 | B29: Hybrid Attention-Based Prototypical Network for Weed Identification in Precision Agriculture | C29: 10.1007/s41314-025-00070-9 | D29: 2025
A30: SCOPUS-000246 | B30: Exploiting adversarial style for generalized and robust weed segmentation in rice paddy field | C30: 10.3389/fpls.2025.1703811 | D30: 2025
A31: SCOPUS-000599 | B31: Transfer Learning-based Weed Classification and Detection for Precision Agriculture | C31: 10.14569/IJACSA.2024.0150646 | D31: 2024
A32: SCOPUS-000280 | B32: YOLOv12-BDA: A Dynamic Multi-Scale Architecture for Small Weed Detection in Sesame Fields | C32: 10.3390/s25226927 | D32: 2025
A33: SCOPUS-000063 | B33: A Semi-Supervised Diffusion-Based Framework for Weed Detection in Precision Agricultural Scenarios Using a Generative Attention Mechanism | C33: 10.3390/agriculture15040434 | D33: 2025
A34: SCOPUS-000017 | B34: MSEA-Net: Multi-Scale and Edge-Aware Network for Weed Segmentation | C34: 10.3390/agriengineering7040103 | D34: 2025
A35: SCOPUS-000244 | B35: WeedCLR: Weed contrastive learning through visual representations with class-optimized loss in long-tailed datasets | C35: 10.1016/j.compag.2024.109526 | D35: 2024
A36: SCOPUS-000320 | B36: YOLOv7 for Weed Detection in Cotton Fields Using UAV Imagery | C36: 10.3390/agriengineering7100313 | D36: 2025
A37: SCOPUS-000086 | B37: Semi-supervised weed detection for rapid deployment and enhanced efficiency | C37: 10.1016/j.compag.2025.110410 | D37: 2025
A38: SCOPUS-000652 | B38: Developing an extreme learning machine based approach to weed segmentation in pastures | C38: 10.1016/j.atech.2023.100288 | D38: 2023
A39: SCOPUS-000146 | B39: Addressing computation resource exhaustion associated with deep learning training of three-dimensional hyperspectral images using multiclass weed classification | C39: 10.1016/j.aiia.2025.02.005 | D39: 2025
A40: SCOPUS-000352 | B40: An Improved UNet Lightweight Network for Semantic Segmentation of Weed Images in Corn Fields | C40: 10.32604/cmc.2024.049805 | D40: 2024
A41: SCOPUS-000175 | B41: PD-YOLO: a novel weed detection method based on multi-scale feature fusion | C41: 10.3389/fpls.2025.1506524 | D41: 2025
A42: SCOPUS-000574 | B42: Overcoming field variability: unsupervised domain adaptation for enhanced crop-weed recognition in diverse farmlands | C42: 10.3389/fpls.2023.1234616 | D42: 2023
A43: SCOPUS-000358 | B43: SC-Net: A new strip convolutional network model for rice seedling and weed segmentation in paddy field | C43: 10.1016/j.compag.2024.108862 | D43: 2024
... A74: SCOPUS-000065 | B74: Class imbalance aware deep semantic segmentation framework for weed and tobacco crops in UAV imagery | C74: 10.3389/frai.2026.1792086 | D74: 2026
A75: SCOPUS-000030 | B75: Balancing accuracy and cost in precision agriculture: a few-shot learning approach for efficient weed − crop segmentation | C75: 10.1016/j.compag.2026.111524 | D75: 2026
A76: WEBSCI-000402 | B76: Enhancing weed detection in wheat with hybrid attention mechanism CBAM: a comparative study with deep learning approaches | C76: 10.3389/fagro.2026.1706873 | D76: 2026
A77: SCOPUS-000300 | B77: WeedCAM: An edge-computing camera system for multi-species weed detection in sugar beet production fields | C77: 10.1016/j.compag.2026.111498 | D77: 2026
A78: SCOPUS-000099 | B78: Detection and variable spraying of maize and weeds in residue covered fields via occlusion-aware modeling | C78: 10.1016/j.aiia.2026.04.004 | D78: 2026
A79: SCOPUS-000287 | B79: Multispecies weed mapping using deep learning on UAV imagery for SSWM in maize and tomato | C79: 10.1007/s11119-025-10309-2 | D79: 2026
A80: SCOPUS-000290 | B80: Optimization and Experimental Evaluation of a Deep Learning-Based Target Spraying Device for Weed Control in Soybean Fields | C80: 10.3390/agriculture16040395 | D80: 2026
A81: SCOPUS-000274 | B81: Real-time on-device weed identification using a hardwareefficient lightweight CNN | C81: 10.3389/fpls.2026.1747863 | D81: 2026
A82: SCOPUS-000084 | B82: Multi-scale and precise real-time detection method for weeds on sidewalks | C82: 10.1016/j.engappai.2026.114183 | D82: 2026
A83: SCOPUS-000131 | B83: YOLOv8-MLD: A Lightweight Method for Weed Detection in Cornfields | C83: 10.1109/ACCESS.2026.3687147 | D83: 2026
A84: SCOPUS-000001 | B84: Comparative performance of YOLOv8, YOLOv9, YOLOv10, YOLOv11 and Faster R-CNN models for detection of multiple weed species | C84: 10.1016/j.atech.2024.100648 | D84: 2024
A85: SCOPUS-000012 | B85: Classifying Weed Development Stages Using Deep Learning Methods | C85: 10.14569/ijacsa.2025.0160263 | D85: 2025
A86: SCOPUS-000047 | B86: QseedNet: A lightweight deep-learning framework for detection of quarantine weed seeds in imported soybean inspection | C86: 10.1016/j.indcrop.2025.122314 | D86: 2025
A87: SCOPUS-000049 | B87: WeedNet-ViT: A Vision Transformer Approach for Robust Weed Classification in Smart Farming | C87: 10.3390/geographies5040064 | D87: 2025
A88: SCOPUS-000059 | B88: Fuzzy rank fusion of deep neural networks for weed identification in groundnut crop | C88: 10.1007/s43621-025-01705-9 | D88: 2025
... A105: SCOPUS-000262 | B105: Remote Aerial Vehicle Solutions for Weed Detection in Precision Agriculture | C105: 10.1109/ACCESS.2025.3575601 | D105: 2025
A106: SCOPUS-000281 | B106: Deep Learning-Driven Automatic Segmentation of Weeds and Crops in UAV Imagery | C106: 10.3390/s25216576 | D106: 2025
A107: SCOPUS-000288 | B107: Automated weed and crop recognition and classification model using deep transfer learning with optimization algorithm | C107: 10.1038/s41598-025-15275-3 | D107: 2025
A108: SCOPUS-000289 | B108: Field-based multispecies weed and crop detection using ground robots and advanced YOLO models: A data and model-centric approach | C108: 10.1016/j.atech.2024.100538 | D108: 2024
A109: SCOPUS-000306 | B109: Weed instance segmentation from UAV Orthomosaic Images based on Deep Learning | C109: 10.1016/j.atech.2025.100966 | D109: 2025
A110: SCOPUS-000319 | B110: Mobile-Based AI Platform Integrating Image Analysis and Chatbot Technologies for Rice Variety and Weed Classification in Precision Agriculture | C110: 10.47738/jads.v6i4.918 | D110: 2025
A111: SCOPUS-000344 | B111: Rumex Weed Classification Using RegionConvolution Neural Networks Based-Colour Space Information | C111: 10.4114/intartif.vol26iss72pp244-255 | D111: 2023
A112: SCOPUS-000364 | B112: Performance evaluation of deep learning object detectors for weed detection for cotton | C112: 10.1016/j.atech.2022.100126 | D112: 2023
A113: SCOPUS-000372 | B113: HierbaNetV1: a novel feature extraction framework for deep learning-based weed identification | C113: 10.7717/peerj-cs.2518 | D113: 2024
A114: SCOPUS-000379 | B114: Weed Classification from Natural Corn Field-Multi-Plant Images Based on Shallow and Deep Learning | C114: 10.3390/s22083021 | D114: 2022
A115: SCOPUS-000383 | B115: Deep Learning-Based Object Detection System for Identifying Weeds Using UAS Imagery | C115: 10.3390/rs13245182 | D115: 2021
A116: SCOPUS-000402 | B116: Object-level benchmark for deep learning-based detection and classification of weed species | C116: 10.1016/j.cropro.2023.106561 | D116: 2024
A117: SCOPUS-000415 | B117: Influence of Image Quality and Light Consistency on the Performance of Convolutional Neural Networks for Weed Mapping | C117: 10.3390/rs13112140 | D117: 2021
A118: SCOPUS-000421 | B118: Novel Assessment of Region-Based CNNs for Detecting Monocot/Dicot Weeds in Dense Field Environments | C118: 10.3390/agronomy12051167 | D118: 2022
... A139: SCOPUS-000753 | B139: Weed detection in canola fields using maximum likelihood classification and deep convolutional neural network | C139: 10.1016/j.inpa.2019.12.002 | D139: 2020
A140: WEBSCI-000421 | B140: Benchmarking Optimizers in Transfer Learning for Automated Weed Image Recognition | D140: 2025
A141: WEBSCI-000559 | B141: Fine-grained weed recognition using Swin Transformer and two-stage transfer learning | C141: 10.3389/fpls.2023.1134932 | D141: 2023

Sheet 2-Application Context
A1: Application Context
A2: Study ID | B2: Task | C2: Crop | D2: Environment
A3: SCOPUS-000349 | B3: Segmentation | C3: None | D3: UAV aerial
A4: SCOPUS-000473 | B4: Classification | C4: Mixed | D4: Field
A5: SCOPUS-000722 | B5: Segmentation | C5: Canola | D5: Field
A6: SCOPUS-000153 | B6: Segmentation | C6: Pigeon pea | D6: Field: mobile camera (1,634 images) and UAV drone (93 images)
A7: SCOPUS-000522 | B7: Detection | C7: Tomato | D7: Field
A8: SCOPUS-000487 | B8: Segmentation | C8: Mixed | D8: Field
A9: SCOPUS-000328 | B9: Segmentation | C9: Mixed | D9: Field
A10: SCOPUS-000234 | B10: Detection | C10: Wheat | D10: Field
A11: SCOPUS-000220 | B11: Detection | C11: Soybean | D11: Field
A12: SCOPUS-000195 | B12: Classification | C12: Saffron | D12: Field
A13: SCOPUS-000139 | B13: Detection | C13: Sugar beet | D13: Field
... A141: WEBSCI-000559 | B141: Classification | C141: Maize | D141: Field

Sheet 4-Dataset Characteristics
A1: Dataset Characteristics
A2: Study ID | B2: Dataset | C2: Dataset Availability | D2: Dataset Size | E2: Country
A3: SCOPUS-000349 | C3: Public | D3: >20,000 training crops; 83 evaluation crops
A4: SCOPUS-000473 | B4: DeepWeeds, 4-Weeds dataset, and CIFAR-10 | C4: Public | D4: 17509 | E4: Australia
A5: SCOPUS-000722 | B5: Canola field image dataset | C5: Private | D5: 384 | E5: Canada
A6: SCOPUS-000153 | B6: Pigeon Pea dataset | D6: 1727 | E6: India
A7: SCOPUS-000522 | C7: Private | D7: 1713 | E7: Spain
A8: SCOPUS-000487 | B8: Bonn dataset | C8: Public | D8: 2100 | E8: Germany
A9: SCOPUS-000328 | B9: BoniRob, CWFID, and Rice seedling datasets | D9: 776
A10: SCOPUS-000234 | B10: Wheat Weed Dataset | C10: Private | D10: 4536 | E10: China
A11: SCOPUS-000220 | B11: Soybean weed dataset | C11: Public | D11: 1095 | E11: China
A12: SCOPUS-000195 | B12: Saffron weed dataset | C12: On Request | D12: 504 | E12: Iran
A13: SCOPUS-000139 | B13: Sugar beet dataset | C13: Public | D13: 2074 | E13: Germany
A14: SCOPUS-000045 | B14: Bonn sugar beet dataset | C14: Public | D14: 1600 | E14: Germany
A15: SCOPUS-000031 | B15: CropAndWeed Dataset and SB20 Dataset | C15: Public | D15: 7795 | E15: Germany
A16: SCOPUS-000014 | B16: CropAndWeed Dataset | C16: Public | D16: 7705 | E16: Austria
A17: SCOPUS-000544 | B17: Maize weed dataset | C17: Private | D17: 5856 | E17: China
A18: SCOPUS-000592 | C18: On Request | D18: 300 | E18: China
A19: SCOPUS-000629 | C19: On Request | D19: 884 | E19: Spain
A20: SCOPUS-000475 | B20: Sugarbeets2016 and Flourish Sapienza Datasets | C20: Public | D20: 465 | E20: Germany, Italy
A21: SCOPUS-000399 | B21: sPSD and ISAS (Institute for Sustainable Agro-ecosystem Services) dataset | C21: Public | D21: 6094 | E21: Denmark, Japan
A22: SCOPUS-000323 | B22: SorghumWeedDataset_Classification | C22: Public | D22: 4312
A23: SCOPUS-000295 | C23: Private | D23: 1500 | E23: China
A24: SCOPUS-000611 | B24: Combined dataset | C24: Public | D24: 13177 | E24: China
A25: SCOPUS-000738 | B25: Agrocam, Red Edge, and Parrot Sequoia datasets | C25: Public | D25: 679 | E25: Pakistan, Switzerland, Germany
A26: SCOPUS-000114 | B26: Custom image dataset | C26: Public | D26: 11500
A27: SCOPUS-000366 | B27: Kaggle Potato Weed Plants Classification | C27: Public | D27: 411
A28: SCOPUS-000283 | B28: Maize and weed dataset | C28: On Request | D28: 4465 | E28: China
A29: SCOPUS-000276 | B29: DeepWeeds | C29: Public | D29: 17509
A30: SCOPUS-000246 | B30: Custom paddy weed dataset (laboratory and field subsets) | D30: 3800 | E30: China
A31: SCOPUS-000599 | B31: Oil palm plantation weed dataset | D31: 2377 | E31: Malaysia
A32: SCOPUS-000280 | B32: Sesame dataset and Crop and Weed Detection Data with Bounding Boxes | C32: Public | D32: 4122
A33: SCOPUS-000063 | C33: On Request | D33: 7662 | E33: China
A34: SCOPUS-000017 | B34: CoFly-WeedDB and Sorghum Fields | C34: Public | D34: 7086 | E34: Greece, Germany
A35: SCOPUS-000244 | B35: DeepWeeds and CottonWeedID15 | C35: Public | D35: 22696 | E35: USA, Australia
A36: SCOPUS-000320 | B36: Cotton weed dataset | C36: Public | D36: 9249 | E36: USA
A37: SCOPUS-000086 | B37: MS-COCO, CottonWeedDet12, CropAndWeed, Palmer Amaranth, RadishWheat, and RoboWeedMap | C37: Public
A38: SCOPUS-000652 | B38: Bathurst burr, horehound, thistle, and tussock datasets | C38: Private | E38: Australia
A39: SCOPUS-000146 | B39: Weedcube | C39: Public | D39: 1072 | E39: USA
A40: SCOPUS-000352 | B40: Corn weed datasets | C40: Public | D40: 1024 | E40: China
A41: SCOPUS-000175 | B41: CottonWeedDet12 and Lincoln beet | C41: Public | D41: 10053 | E41: USA, United Kingdom
A42: SCOPUS-000574 | B42: Bean field dataset | C42: Public | D42: 2530 | E42: South Korea
A43: SCOPUS-000358 | B43: Rice seedling/weed dataset and BoniRob dataset | C43: On Request | D43: 1700 | E43: China
A44: SCOPUS-000265 | B44: Rapeseed weed dataset | C44: On Request | D44: 5000 | E44: China
A45: SCOPUS-000563 | B45: Pakistani weed dataset | C45: Public | D45: 9000 | E45: Pakistan
A46: SCOPUS-000433 | B46: Original dataset | C46: On Request | D46: 542 | E46: China
A47: SCOPUS-000333 | B47: High-resolution digital images | C47: On Request | D47: 660 | E47: USA
A48: SCOPUS-000391 | B48: Quadcopter dataset | C48: Public | D48: 2700 | E48: Pakistan
A49: SCOPUS-000637 | B49: Agricultural robot dataset | C49: Public | D49: 4500 | E49: Germany
A50: SCOPUS-000719 | B50: Bonn and Stuttgart datasets | C50: Public | D50: 11654 | E50: Germany
A51: SCOPUS-000713 | B51: Sugar beet and Oilseed datasets | C51: Public | D51: 351 | E51: Germany, China
A52: SCOPUS-000448 | B52: Multi-class weed dataset | C52: Public | D52: 400
A53: SCOPUS-000375 | B53: Custom wheat weed dataset | C53: On Request | D53: 2614 | E53: China
A54: SCOPUS-000584 | B54: Custom maize weed dataset | C54: Private | D54: 1000 | E54: China
A55: WEBSCI-000524 | B55: CWFID and Weeds dataset | C55: Public | D55: 72
A56: SCOPUS-000706 | B56: Custom UAV imagery dataset | C56: Private | D56: 1092 | E56: China
A57: SCOPUS-000642 | B57: Weed25 | C57: Public | D57: 14035
A58: SCOPUS-000132 | C58: Private | D58: 4828 | E58: USA
A59: SCOPUS-000121 | B59: GZWeed | C59: Public | D59: 108 | E59: China
A60: SCOPUS-000267 | B60: Ground field and UAV maize datasets | C60: On Request | D60: 10000 | E60: Belgium
A61: SCOPUS-000074 | B61: CWFID, Sugar Beet, Sunflower | C61: Public | D61: 2006
A62: SCOPUS-000107 | B62: CWFID | C62: Public | D62: 60
A63: SCOPUS-000193 | B63: Weed-Crop dataset | C63: Public | D63: 1120 | E63: USA
A64: SCOPUS-000092 | B64: Custom sugarcane–Guinea Grass dataset and CropAndWeed benchmark | C64: Private | D64: 10975 | E64: Australia
A65: SCOPUS-000296 | B65: Bok Choy Seedling Dataset | C65: On Request | D65: 1050 | E65: China
A66: SCOPUS-000255 | B66: Corn Seedling Dataset | C66: On Request | D66: 80 | E66: China
A67: SCOPUS-000223 | B67: CornWeed12 and custom six-weeds dataset | C67: On Request | D67: 2085 | E67: USA, China
A68: SCOPUS-000216 | B68: Horseradish and weed dataset | C68: On Request | D68: 2696 | E68: USA
A69: SCOPUS-000168 | B69: Hyperspectral image dataset | C69: On Request | D69: 225 | E69: Kazakhstan
A70: SCOPUS-000143 | B70: Tobacco field dataset | C70: Private | D70: 307 | E70: Türkiye
A71: SCOPUS-000066 | B71: Sugarcane-weed dataset | C71: Public | D71: 23100 | E71: China
A72: SCOPUS-000015 | B72: WeedMap and Sesame Aerial dataset | C72: Public | E72: Switzerland
A73: SCOPUS-000180 | B73: Sesame Weed Inspection Dataset | C73: Public | D73: 1300
A74: SCOPUS-000065 | B74: tobacco weed UAV-based dataset | C74: Public
A75: SCOPUS-000030 | B75: ACRE 2023 Competition Dataset | C75: Public | D75: 2069 | E75: France
A76: WEBSCI-000402 | B76: Field dataset | D76: 1260 | E76: India
A77: SCOPUS-000300 | B77: WeedCAM dataset | C77: On Request | D77: 5734 | E77: USA
A78: SCOPUS-000099 | B78: Maize-weed field dataset | C78: Private | D78: 2088 | E78: China
A79: SCOPUS-000287 | B79: DRONEWEED | C79: Public | D79: 1460 | E79: Spain
A80: SCOPUS-000290 | B80: Custom soybean-field weed dataset | D80: 3200 | E80: China
A81: SCOPUS-000274 | B81: DeepWeeds | C81: Public | D81: 17509 | E81: Australia
A82: SCOPUS-000084 | B82: Sidewalk weed dataset | C82: On Request | D82: 3000 | E82: China
A83: SCOPUS-000131 | B83: Custom cornfield weed dataset | C83: Private | D83: 3042 | E83: China
A84: SCOPUS-000001 | B84: Multiple weed species detection (cocklebur, dandelion, waterhemp, Palmer amaranth, lambsquarters) | C84: Public | D84: 1018 | E84: USA
A85: SCOPUS-000012 | B85: Unnamed 4-weed growth-stage RGB/ROI set (C. album, D. botrys, L. serriola, S. oleraceus; 448 photos) | C85: Private | D85: 448 | E85: Turkey
A86: SCOPUS-000047 | B86: Qseed-12 (12 quarantine/non-quarantine weed seed species; Hikvision 1280×960) | C86: On Request | D86: 2440 | E86: China
A87: SCOPUS-000049 | B87: DeepWeeds (9 classes including Negative; 8 Queensland sites) | C87: Public | D87: 17509 | E87: Australia
A88: SCOPUS-000059 | B88: Groundnut weed dataset (Veeragandham and Santhi; 16 classes) | C88: Public | D88: 24816 | E88: India
A89: SCOPUS-000067 | B89: Unnamed lab HSI peanut vs 4 weeds (400–950 nm) | C89: On Request | D89: 500 | E89: Iran
A90: SCOPUS-000076 | B90: Weed25 | C90: Public | D90: 14035
A91: SCOPUS-000087 | B91: Unnamed self-collected 4-species chilli-habitat images (DSLD CHEFT, Devihosur, Haveri) | C91: Private | D91: 2000 | E91: India
A92: SCOPUS-000089 | B92: Kaggle Plant Seedlings Classification plus unnamed custom weed set (Table 1: 10000 + 1500) | C92: Public | D92: 11500
A93: SCOPUS-000140 | B93: Unnamed ground-level RGB maize/weed set (9 species; Crop, NLW, BLW, Soil) | C93: Private | D93: 10200 | E93: Mexico
A94: SCOPUS-000148 | B94: CottonWeedID15 | C94: Public | D94: 5187 | E94: USA
A95: SCOPUS-000156 | B95: RGBD Data of Broad-Leaf Dock (Rumex obtusifolius; ZED2i pasture stereo) | C95: Public | D95: 588
A96: SCOPUS-000166 | B96: Unnamed UAV rice–barnyard grass tiles (field ridge, patch, single plant) | C96: Private | D96: 3094 | E96: China
A97: SCOPUS-000184 | B97: Unnamed commercial maize inter-/intra-row RGB (ZEAMX, SOLNI, CYPRO, ECHCG; 54368 boxes) | C97: Private | D97: 4388 | E97: Spain
A98: SCOPUS-000221 | B98: DeepWeeds (9 classes including Negative; 8 Queensland sites) | C98: Public | D98: 17509 | E98: Australia
A99: SCOPUS-000224 | B99: CottonWeedDet12 (12 weed species; 5648 images) | C99: Public | D99: 5648 | E99: USA
A100: SCOPUS-000227 | B100: Two-Season-WeedDet8 (8 cotton-field weeds; 2021+2022; 10848 boxes) | C100: Public | D100: 6664 | E100: USA
...

Sheet 5-Barrier Coding
A1: Training Data Barriers
A2: Study ID | B2: Study Instance ID | C2: Barrier Category | D2: Modules | E2: Barriers
A3: SCOPUS-000349 | B3: SCOPUS-000349-1 | C3: TECHNICAL | D3: Dual-camera setup | E3: Computational Resource
A4: SCOPUS-000349 | B4: SCOPUS-000349-2 | C4: IMAGING | D4: Multispectral cameras | E4: Image Alignment
A5: SCOPUS-000473 | B5: SCOPUS-000473-1 | C5: DATA | D5: Efficientnet-V2-L | E5: Data Scarcity
A6: SCOPUS-000473 | B6: SCOPUS-000473-2 | C6: ENVIRONMENTAL | D6: Efficientnet-V2-L | E6: Environmental Variation
A7: SCOPUS-000722 | B7: SCOPUS-000722-1 | C7: DATA | D7: DeepLabV3+ | E7: Class Imbalance
A8: SCOPUS-000153 | B8: SCOPUS-000153-1 | C8: DATA | D8: UNet | E8: Annotation
A9: SCOPUS-000153 | B9: SCOPUS-000153-2 | C9: IMAGING | D9: UNet | E9: Small Object Detection
A10: SCOPUS-000522 | B10: SCOPUS-000522-1 | C10: ENVIRONMENTAL | D10: YOLOv7 | E10: Background Complexity
A11: SCOPUS-000522 | B11: SCOPUS-000522-2 | C11: DATA | D11: YOLOv7 | E11: Data Scarcity
A12: SCOPUS-000487 | B12: SCOPUS-000487-1 | C12: DATA | D12: SegNet Original | E12: Data Scarcity
A13: SCOPUS-000328 | B13: SCOPUS-000328-1 | C13: ENVIRONMENTAL | E13: Background Complexity
A14: SCOPUS-000234 | B14: SCOPUS-000234-1 | C14: IMAGING | D14: YOLOv3 | E14: Scale Variation
A15: SCOPUS-000220 | B15: SCOPUS-000220-1 | C15: ENVIRONMENTAL | D15: YOLOv8 | E15: Background Complexity
A16: SCOPUS-000220 | B16: SCOPUS-000220-2 | C16: IMAGING | D16: Bilinear interpolation | E16: Small Object Detection
A17: SCOPUS-000195 | B17: SCOPUS-000195-1 | C17: IMAGING | D17: Base EfficientNetB0 | E17: Visual Similarity
A18: SCOPUS-000139 | B18: SCOPUS-000139-1 | C18: DATA | D18: YOLOv10n | E18: Data Scarcity
A19: SCOPUS-000139 | B19: SCOPUS-000139-2 | C19: ENVIRONMENTAL | D19: YOLOv10n | E19: Background Complexity
A20: SCOPUS-000045 | B20: SCOPUS-000045-1 | C20: DATA | D20: Bonnet | E20: Class Imbalance
A21: SCOPUS-000031 | B21: SCOPUS-000031-1 | C21: TECHNICAL | D21: FCN | E21: Feature Representation
A22: SCOPUS-000014 | B22: SCOPUS-000014-1 | C22: IMAGING | D22: RetinaNet | E22: Visual Similarity
A23: SCOPUS-000544 | B23: SCOPUS-000544-1 | C23: ENVIRONMENTAL | D23: PolarMask | E23: Background Complexity
A24: SCOPUS-000592 | B24: SCOPUS-000592-1 | C24: DATA | D24: DeepLab-V3+ | E24: Annotation
A25: SCOPUS-000592 | B25: SCOPUS-000592-2 | C25: TECHNICAL | D25: Xception | E25: Computational Resource
... A50: SCOPUS-000244 | B50: SCOPUS-000244-2 | C50: DATA | D50: BYOL | E50: Annotation
A51: SCOPUS-000320 | B51: SCOPUS-000320-1 | C51: DATA | E51: Class Imbalance
A52: SCOPUS-000086 | B52: SCOPUS-000086-1 | C52: DATA | D52: Supervised | E52: Data Scarcity
A53: SCOPUS-000652 | B53: SCOPUS-000652-1 | C53: IMAGING | D53: Vegetation Index | E53: Visual Similarity
A54: SCOPUS-000652 | B54: SCOPUS-000652-2 | C54: ENVIRONMENTAL | E54: Occlusion
A55: SCOPUS-000146 | B55: SCOPUS-000146-1 | C55: TECHNICAL | D55: VGG-16 | E55: Computational Resource
A56: SCOPUS-000146 | B56: SCOPUS-000146-2 | C56: TECHNICAL | D56: Unfolded/tabular HSI approaches | E56: Feature Representation
A57: SCOPUS-000352 | B57: SCOPUS-000352-1 | C57: TECHNICAL | D57: UNet | E57: Computational Resource
A58: SCOPUS-000352 | B58: SCOPUS-000352-2 | C58: DATA | E58: Data Scarcity
A59: SCOPUS-000175 | B59: SCOPUS-000175-1 | C59: IMAGING | D59: YOLOv8n | E59: Visual Similarity
A60: SCOPUS-000175 | B60: SCOPUS-000175-2 | C60: ENVIRONMENTAL | E60: Occlusion
A61: SCOPUS-000574 | B61: SCOPUS-000574-1 | C61: ENVIRONMENTAL | D61: DeepLab V3+ | E61: Domain Shift
A62: SCOPUS-000358 | B62: SCOPUS-000358-1 | C62: IMAGING | D62: SegNet | E62: Visual Similarity
A63: SCOPUS-000265 | B63: SCOPUS-000265-1 | C63: ENVIRONMENTAL | D63: Faster RCNN | E63: Occlusion
A64: SCOPUS-000265 | B64: SCOPUS-000265-2 | C64: IMAGING | D64: Faster RCNN | E64: Scale Variation
A65: SCOPUS-000563 | B65: SCOPUS-000563-1 | C65: TECHNICAL | D65: SSD-ResNet | E65: Inference Efficiency
A66: SCOPUS-000563 | B66: SCOPUS-000563-2 | C66: IMAGING | D66: SSD-ResNet | E66: Small Object Detection
A67: SCOPUS-000433 | B67: SCOPUS-000433-1 | C67: IMAGING | D67: SVM | E67: Visual Similarity
A68: SCOPUS-000433 | B68: SCOPUS-000433-2 | C68: TECHNICAL | D68: Faster-RCNN | E68: Model Generalization
A69: SCOPUS-000333 | B69: SCOPUS-000333-1 | C69: DATA | D69: GAN-based | E69: Data Scarcity
A70: SCOPUS-000333 | B70: SCOPUS-000333-2 | C70: DATA | D70: GAN-based | E70: Annotation
A71: SCOPUS-000391 | B71: SCOPUS-000391-1 | C71: DATA | D71: SVM | E71: Annotation
A72: SCOPUS-000391 | B72: SCOPUS-000391-2 | C72: IMAGING | D72: KNN | E72: Visual Similarity
... A89: SCOPUS-000642 | B89: SCOPUS-000642-1 | C89: TECHNICAL | D89: YOLOv8 | E89: Computational Resource
A90: SCOPUS-000132 | B90: SCOPUS-000132-1 | C90: IMAGING | E90: Visual Similarity
A91: SCOPUS-000132 | B91: SCOPUS-000132-2 | C91: ENVIRONMENTAL | E91: Environmental Variation
A92: SCOPUS-000132 | B92: SCOPUS-000132-3 | C92: TECHNICAL | D92: Deep learning models | E92: Computational Resource
A93: SCOPUS-000121 | B93: SCOPUS-000121-1 | C93: IMAGING | D93: RT-DETR | E93: Scale Variation
A94: SCOPUS-000121 | B94: SCOPUS-000121-2 | C94: DATA | D94: Focal loss | E94: Class Imbalance
A95: SCOPUS-000267 | B95: SCOPUS-000267-1 | C95: ENVIRONMENTAL | D95: Separate ground/UAV processing | E95: Domain Shift
A96: SCOPUS-000267 | B96: SCOPUS-000267-2 | C96: DATA | D96: Standard cross-entropy loss | E96: Class Imbalance
A97: SCOPUS-000246 | B97: SCOPUS-000246-2 | C97: ENVIRONMENTAL | D97: ESL | E97: Background Complexity
A98: SCOPUS-000246 | B98: SCOPUS-000246-3 | C98: ENVIRONMENTAL | D98: ESL | E98: Occlusion
A99: SCOPUS-000246 | B99: SCOPUS-000246-4 | C99: IMAGING | D99: ESL | E99: Small Object Detection
A100: SCOPUS-000574 | B100: SCOPUS-000574-2 | C100: IMAGING | D100: DeepLab V3+ | E100: Visual Similarity
A101: SCOPUS-000574 | B101: SCOPUS-000574-3 | C101: ENVIRONMENTAL | D101: DeepLab V3+ | E101: Occlusion
A102: SCOPUS-000574 | B102: SCOPUS-000574-4 | C102: ENVIRONMENTAL | D102: DeepLab V3+ | E102: Environmental Variation
A103: SCOPUS-000574 | B103: SCOPUS-000574-5 | C103: IMAGING | D103: DeepLab V3+ | E103: Image Quality
... A118: SCOPUS-000114 | B118: SCOPUS-000114-3 | C118: TECHNICAL | D118: SVM | E118: Computational Resource
A119: SCOPUS-000132 | B119: SCOPUS-000132-4 | C119: DATA | E119: Class Imbalance
A120: SCOPUS-000333 | B120: SCOPUS-000333-3 | C120: ENVIRONMENTAL | D120: GAN-based | E120: Background Complexity
A121: SCOPUS-000333 | B121: SCOPUS-000333-4 | C121: ENVIRONMENTAL | D121: GAN-based | E121: Occlusion
A122: SCOPUS-000333 | B122: SCOPUS-000333-5 | C122: ENVIRONMENTAL | D122: GAN-based | E122: Morphological Variation
A123: SCOPUS-000323 | B123: SCOPUS-000323-2 | C123: DATA | D123: AlexNet | E123: Data Scarcity
A124: SCOPUS-000323 | B124: SCOPUS-000323-3 | C124: ENVIRONMENTAL | D124: AlexNet | E124: Environmental Variation
A125: SCOPUS-000063 | B125: SCOPUS-000063-3 | C125: TECHNICAL | D125: FasterRCNN (VGG16) | E125: Computational Resource
A126: SCOPUS-000063 | B126: SCOPUS-000063-4 | C126: IMAGING | D126: FasterRCNN (VGG16) | E126: Image Quality
A127: SCOPUS-000175 | B127: SCOPUS-000175-3 | C127: ENVIRONMENTAL | D127: YOLOv8n | E127: Morphological Variation
A128: SCOPUS-000391 | B128: SCOPUS-000391-4 | C128: TECHNICAL | D128: SVM | E128: Computational Resource
A129: SCOPUS-000391 | B129: SCOPUS-000391-5 | C129: DATA | D129: SVM | E129: Data Scarcity
A130: SCOPUS-000358 | B130: SCOPUS-000358-2 | C130: IMAGING | D130: SegNet | E130: Scale Variation
A131: SCOPUS-000358 | B131: SCOPUS-000358-3 | C131: TECHNICAL | D131: SegNet | E131: Feature Representation
... A139: SCOPUS-000722 | B139: SCOPUS-000722-4 | C139: ENVIRONMENTAL | D139: DeepLabV3+ | E139: Background Complexity
A140: SCOPUS-000328 | B140: SCOPUS-000328-2 | C140: IMAGING | E140: Visual Similarity
A141: SCOPUS-000328 | B141: SCOPUS-000328-3 | C141: ENVIRONMENTAL | E141: Occlusion
A142: SCOPUS-000328 | B142: SCOPUS-000328-4 | C142: TECHNICAL | D142: Deep CNN backbones / self-attention networks | E142: Computational Resource
A143: SCOPUS-000280 | B143: SCOPUS-000280-2 | C143: IMAGING | D143: YOLOv8n | E143: Visual Similarity
A144: SCOPUS-000280 | B144: SCOPUS-000280-3 | C144: ENVIRONMENTAL | D144: YOLOv8n | E144: Background Complexity
A145: SCOPUS-000280 | B145: SCOPUS-000280-4 | C145: ENVIRONMENTAL | D145: YOLOv8n | E145: Environmental Variation
A146: SCOPUS-000487 | B146: SCOPUS-000487-2 | C146: DATA | D146: SegNet Original | E146: Annotation
A147: SCOPUS-000153 | B147: SCOPUS-000153-4 | C147: ENVIRONMENTAL | D147: UNet | E147: Occlusion
A148: SCOPUS-000153 | B148: SCOPUS-000153-5 | C148: IMAGING | D148: UNet | E148: Visual Similarity
A149: SCOPUS-000153 | B149: SCOPUS-000153-6 | C149: ENVIRONMENTAL | D149: UNet | E149: Background Complexity
A150: SCOPUS-000276 | B150: SCOPUS-000276-3 | C150: IMAGING | D150: MatchNet | E150: Visual Similarity
A151: SCOPUS-000642 | B151: SCOPUS-000642-2 | C151: IMAGING | D151: YOLOv8 | E151: Small Object Detection
A152: SCOPUS-000448 | B152: SCOPUS-000448-3 | C152: TECHNICAL | D152: ResNet50 | E152: Computational Resource
A153: SCOPUS-000629 | B153: SCOPUS-000629-2 | C153: IMAGING | D153: GANs | E153: Visual Similarity
... A192: SCOPUS-000223 | B192: SCOPUS-000223-1 | C192: ENVIRONMENTAL | D192: YOLOv9t | E192: Occlusion
A193: SCOPUS-000216 | B193: SCOPUS-000216-1 | C193: DATA | E193: Class Imbalance
A194: SCOPUS-000216 | B194: SCOPUS-000216-2 | C194: TECHNICAL | D194: YOLOv12-medium | E194: Computational Resource
A195: SCOPUS-000168 | B195: SCOPUS-000168-1 | C195: DATA | D195: Neural Network | E195: Class Imbalance
A196: SCOPUS-000168 | B196: SCOPUS-000168-2 | C196: IMAGING | D196: Neural Network | E196: Visual Similarity
A197: SCOPUS-000143 | B197: SCOPUS-000143-1 | C197: DATA | D197: RetinaNet | E197: Class Imbalance
A198: SCOPUS-000143 | B198: SCOPUS-000143-2 | C198: IMAGING | D198: RetinaNet | E198: Visual Similarity
A199: SCOPUS-000066 | B199: SCOPUS-000066-1 | C199: IMAGING | D199: ResNet-18 | E199: Boundary Issues
...

Sheet 6-Mitigation Strategy Coding
A1: Mitigation Strategies
A2: Study ID | B2: Study Instance ID | C2: Mitigation Category | D2: Mitigations
A3: SCOPUS-000349 | B3: SCOPUS-000349-1 | C3: Data-Centric | D3: Transfer Learning
A4: SCOPUS-000349 | B4: SCOPUS-000349-2 | C4: Architectural | D4: Architecture Modification
A5: SCOPUS-000473 | B5: SCOPUS-000473-1 | C5: Architectural | D5: Architecture Modification
A6: SCOPUS-000473 | B6: SCOPUS-000473-2 | C6: Architectural | D6: Loss Function Modification
A7: SCOPUS-000722 | B7: SCOPUS-000722-1 | C7: Architectural | D7: Loss Function Modification
A8: SCOPUS-000153 | B8: SCOPUS-000153-1 | C8: Data-Centric | D8: Data Processing
A9: SCOPUS-000153 | B9: SCOPUS-000153-2 | C9: Architectural | D9: Attention Mechanism
A10: SCOPUS-000522 | B10: SCOPUS-000522-1 | C10: Architectural | D10: Architecture Modification
A11: SCOPUS-000522 | B11: SCOPUS-000522-2 | C11: Data-Centric | D11: Data Augmentation
A12: SCOPUS-000487 | B12: SCOPUS-000487-1 | C12: Data-Centric | D12: Synthetic Data Generation
A13: SCOPUS-000328 | B13: SCOPUS-000328-1 | C13: Architectural | D13: Attention Mechanism
... A416: WEBSCI-000559 | B416: WEBSCI-000559-4 | C416: Data-Centric | D416: Data Augmentation

Sheet 7-Baseline Performance Results
A1: Barriers-Results
A2: Study ID | B2: Study Instance ID | C2: Baseline Modules | D2: Metric Family | E2: Baseline (%)
A3: SCOPUS-000349 | B3: SCOPUS-000349-1 | C3: SynthNoRGN (frame-trained, test-field orthophoto) | D3: mIoU | E3: 54.5
A4: SCOPUS-000473 | B4: SCOPUS-000473-2 | C4: ConvNeXt-Base-SSL without skip connections | D4: Accuracy | E4: 91.09
A5: SCOPUS-000722 | B5: SCOPUS-000722-1 | C5: DeepLabV3+ VGG19 | D5: mIoU | E5: 56.4739
A6: SCOPUS-000153 | B6: SCOPUS-000153-1 | C6: PAN | D6: mIoU | E6: 77.93
A7: SCOPUS-000522 | B7: SCOPUS-000522-3 | C7: RetinaNet | D7: mAP@0.5 | E7: 90.354
A8: SCOPUS-000487 | B8: SCOPUS-000487-4 | C8: Bonnet Original | D8: mIoU | E8: 70
A9: SCOPUS-000328 | B9: SCOPUS-000328-2 | C9: Baseline (paper's own base architecture, Table 4) | D9: mIoU | E9: 88.53
A10: SCOPUS-000234 | B10: SCOPUS-000234-1 | C10: YOLOv3 | D10: mAP@0.5 | E10: 73.1
A11: SCOPUS-000220 | B11: SCOPUS-000220-2 | C11: YOLOv8n | D11: mAP@0.5 | E11: 88.3
A12: SCOPUS-000195 | B12: SCOPUS-000195-1 | C12: ResNet152 (Model 2) | D12: Accuracy | E12: 40
A13: SCOPUS-000139 | B13: SCOPUS-000139-3 | C13: YOLOv9s (Real data only) | D13: mAP@0.5 | E13: 88.7
A14: SCOPUS-000045 | B14: SCOPUS-000045-2 | C14: Original (RGB + NIR) | D14: mIoU | E14: 77
... A141: SCOPUS-000030 | B141: SCOPUS-000030-T1 | C141: HDMNet COCO-pretrained, 1-shot support, Early 2023 | D141: mIoU | E141: 26.35

Sheet 8-Mitigation Performance Result
A1: Mitigation-Results
A2: Study ID | B2: Study Instance ID | C2: Mitigation Modules | D2: Metric Family | E2: Mitigation (%) | F2: Gain (pp)
A3: SCOPUS-000349 | B3: SCOPUS-000349-3 | C3: SynthFakeRGN+TL (frame-trained, test-field orthophoto) | D3: mIoU | E3: 60.4 | F3: =ROUND(VALUE(E3)-'7-Baseline Performance Results'!E3,4) -> 5.9
A4: SCOPUS-000473 | B4: SCOPUS-000473-2 | C4: ConvNeXt-Base-SSL with skip connections | D4: Accuracy | E4: 92.33 | F4: =ROUND(VALUE(E4)-'7-Baseline Performance Results'!E4,4) -> 1.24
A5: SCOPUS-000722 | B5: SCOPUS-000722-1 | C5: Proposed | D5: mIoU | E5: 76.79226 | F5: =ROUND(VALUE(E5)-'7-Baseline Performance Results'!E5,4) -> 20.3184
A6: SCOPUS-000153 | B6: SCOPUS-000153-10 | C6: UNET-SA | D6: mIoU | E6: 94.49 | F6: =ROUND(VALUE(E6)-'7-Baseline Performance Results'!E6,4) -> 16.56
A7: SCOPUS-000522 | B7: SCOPUS-000522-3 | C7: RetinaNet and Augmentation | D7: mAP@0.5 | E7: 92.755 | F7: =ROUND(VALUE(E7)-'7-Baseline Performance Results'!E7,4) -> 2.401
A8: SCOPUS-000487 | B8: SCOPUS-000487-4 | C8: Bonnet Mixed | D8: mIoU | E8: 76 | F8: =ROUND(VALUE(E8)-'7-Baseline Performance Results'!E8,4) -> 6
A9: SCOPUS-000328 | B9: SCOPUS-000328-5 | C9: MTS-CNN | D9: mIoU | E9: 91.64 | F9: =ROUND(VALUE(E9)-'7-Baseline Performance Results'!E9,4) -> 3.11
A10: SCOPUS-000234 | B10: SCOPUS-000234-5 | C10: YOLOv8-C2f_M3-BiFPN-MPDIoU | D10: mAP@0.5 | E10: 89.7 | F10: =ROUND(VALUE(E10)-'7-Baseline Performance Results'!E10,4) -> 16.6
A11: SCOPUS-000220 | B11: SCOPUS-000220-2 | C11: YOLO-SW | D11: mAP@0.5 | E11: 92.3 | F11: =ROUND(VALUE(E11)-'7-Baseline Performance Results'!E11,4) -> 4
A12: SCOPUS-000195 | B12: SCOPUS-000195-1 | C12: Improved EfficientNetB0 (Model 5) | D12: Accuracy | E12: 94.06 | F12: =ROUND(VALUE(E12)-'7-Baseline Performance Results'!E12,4) -> 54.06
A13: SCOPUS-000045 | B13: SCOPUS-000045-2 | C13: Mixed (RGB + NIR) | D13: mIoU | E13: 82 | F13: =ROUND(VALUE(E13)-'7-Baseline Performance Results'!E14,4) -> 5
A14: SCOPUS-000031 | B14: SCOPUS-000031-6 | C14: SWFormer | D14: mIoU | E14: 61.24 | F14: =ROUND(VALUE(E14)-'7-Baseline Performance Results'!E15,4) -> 9.24
A15: SCOPUS-000014 | B15: SCOPUS-000014-3 | C15: HDMS-YOLO | D15: mAP@0.5 | E15: 71.2 | F15: =ROUND(VALUE(E15)-'7-Baseline Performance Results'!E16,4) -> 2.6
A16: SCOPUS-000544 | B16: SCOPUS-000544-1 | C16: ResNet101 backbone (with data enhancement) | D16: mIoU | E16: 60.7 | F16: =ROUND(VALUE(E16)-'7-Baseline Performance Results'!E17,4) -> 10.5
A17: SCOPUS-000592 | B17: SCOPUS-000592-2 | C17: SL-Net | D17: mIoU | E17: 87.3 | F17: =ROUND(VALUE(E17)-'7-Baseline Performance Results'!E18,4) -> 8.25
A18: SCOPUS-000475 | B18: SCOPUS-000475-6 | C18: Proposed Model | D18: mIoU | E18: 84.28 | F18: =ROUND(VALUE(E18)-'7-Baseline Performance Results'!E20,4) -> 3.08
A19: SCOPUS-000399 | B19: SCOPUS-000399-2 | C19: CA-GAN | D19: Accuracy | E19: 82.63 | F19: =ROUND(VALUE(E19)-'7-Baseline Performance Results'!E21,4) -> 9.93
A20: SCOPUS-000323 | B20: SCOPUS-000323-8 | C20: Proposed Network | D20: Accuracy | E20: 99.07 | F20: =ROUND(VALUE(E20)-'7-Baseline Performance Results'!E22,4) -> 4.48
A21: SCOPUS-000295 | B21: SCOPUS-000295-14 | C21: YOLOX-Tiny | D21: mAP@0.5 | E21: 98.2 | F21: =ROUND(VALUE(E21)-'7-Baseline Performance Results'!E23,4) -> 1.3
A22: SCOPUS-000611 | B22: SCOPUS-000611-1 | C22: Quantized Model | D22: Accuracy | E22: 87 | F22: =ROUND(VALUE(E22)-'7-Baseline Performance Results'!E24,4) -> -10
A23: SCOPUS-000738 | B23: SCOPUS-000738-2 | C23: Patch classifier, NGB (3 channels) | D23: Accuracy | E23: 86.3 | F23: =ROUND(VALUE(E23)-'7-Baseline Performance Results'!E25,4) -> 3.8
A24: SCOPUS-000114 | B24: SCOPUS-000114-4 | C24: EnviroWeedNet | D24: Accuracy | E24: 94.5 | F24: =ROUND(VALUE(E24)-'7-Baseline Performance Results'!E26,4) -> 9.4
A25: SCOPUS-000283 | B25: SCOPUS-000283-2 | C25: YOLOv11-SNEW | D25: mAP@0.5 | E25: 91.4 | F25: =ROUND(VALUE(E25)-'7-Baseline Performance Results'!E28,4) -> 5.2
A26: SCOPUS-000276 | B26: SCOPUS-000276-3 | C26: HAPN | D26: Accuracy | E26: 96.53 | F26: =ROUND(VALUE(E26)-'7-Baseline Performance Results'!E29,4) -> 34.93
A27: SCOPUS-000246 | B27: SCOPUS-000246-1 | C27: Ours | D27: mIoU | E27: 39.66 | F27: =ROUND(VALUE(E27)-'7-Baseline Performance Results'!E30,4) -> 27.79
A28: SCOPUS-000599 | B28: SCOPUS-000599-2 | C28: VGG16 BN (Adagrad) | D28: Accuracy | E28: 98 | F28: =ROUND(VALUE(E28)-'7-Baseline Performance Results'!E31,4) -> 2
A29: SCOPUS-000280 | B29: SCOPUS-000280-5 | C29: YOLOv12-BDA | D29: mAP@0.5 | E29: 91.57 | F29: =ROUND(VALUE(E29)-'7-Baseline Performance Results'!E32,4) -> 4.67
A30: SCOPUS-000063 | B30: SCOPUS-000063-7 | C30: Proposed Method | D30: mAP@0.5 | E30: 92 | F30: =ROUND(VALUE(E30)-'7-Baseline Performance Results'!E33,4) -> 11
A31: SCOPUS-000017 | B31: SCOPUS-000017-2 | C31: MESA-Net | D31: mIoU | E31: 71.35 | F31: =ROUND(VALUE(E31)-'7-Baseline Performance Results'!E34,4) -> 9.2
A32: SCOPUS-000244 | B32: SCOPUS-000244-12 | C32: WeedCLR | D32: Accuracy | E32: 91.21 | F32: =ROUND(VALUE(E32)-'7-Baseline Performance Results'!E35,4) -> 4.82
A33: SCOPUS-000320 | B33: SCOPUS-000320-2 | C33: YOLOv7 | D33: mAP@0.5 | E33: 88 | F33: =ROUND(VALUE(E33)-'7-Baseline Performance Results'!E36,4) -> 9
A34: SCOPUS-000352 | B34: SCOPUS-000352-6 | C34: convnext_unet | D34: mIoU | E34: 88.1 | F34: =ROUND(VALUE(E34)-'7-Baseline Performance Results'!E39,4) -> 3.8
A35: SCOPUS-000175 | B35: SCOPUS-000175-3 | C35: Yolov8s | D35: mAP@0.5 | E35: 76.9 | F35: =ROUND(VALUE(E35)-'7-Baseline Performance Results'!E40,4) -> 1.4
A36: SCOPUS-000574 | B36: SCOPUS-000574-2 | C36: Proposed | D36: mIoU | E36: 73.53 | F36: =ROUND(VALUE(E36)-'7-Baseline Performance Results'!E41,4) -> 7.74
A37: SCOPUS-000358 | B37: SCOPUS-000358-5 | C37: SC-Net | D37: mIoU | E37: 87.48 | F37: =ROUND(VALUE(E37)-'7-Baseline Performance Results'!E42,4) -> 10.75
A38: SCOPUS-000265 | B38: SCOPUS-000265-5 | C38: STBNA-YOLOv5 | D38: mAP@0.5 | E38: 90.8 | F38: =ROUND(VALUE(E38)-'7-Baseline Performance Results'!E43,4) -> 6.1
A39: SCOPUS-000563 | B39: SCOPUS-000563-1 | C39: YOLOv5 | D39: mAP@0.5 | E39: 88 | F39: =ROUND(VALUE(E39)-'7-Baseline Performance Results'!E44,4) -> 35
A40: SCOPUS-000333 | B40: SCOPUS-000333-3 | C40: Mixed real + synthetic Mask R-CNN | D40: mAP@0.5 | E40: 83 | F40: =ROUND(VALUE(E40)-'7-Baseline Performance Results'!E140,4) -> 2
A41: SCOPUS-000391 | B41: SCOPUS-000391-7 | C41: Proposed Semi-Supervised SGAN | D41: Accuracy | E41: 89.15 | F41: =ROUND(VALUE(E41)-'7-Baseline Performance Results'!E46,4) -> 34.9
A42: SCOPUS-000637 | B42: SCOPUS-000637-5 | C42: TIA-YOLOv5 | D42: mAP@0.5 | E42: 90 | F42: =ROUND(VALUE(E42)-'7-Baseline Performance Results'!E47,4) -> 5.9
A43: SCOPUS-000719 | B43: SCOPUS-000719-5 | C43: Ours | D43: mIoU | E43: 89.01 | F43: =ROUND(VALUE(E43)-'7-Baseline Performance Results'!E48,4) -> 4.27
A44: SCOPUS-000713 | B44: SCOPUS-000713-4 | C44: PS Auto Contrast-RGB | D44: mIoU | E44: 85.37 | F44: =ROUND(VALUE(E44)-'7-Baseline Performance Results'!E49,4) -> 13.36
A45: SCOPUS-000448 | B45: SCOPUS-000448-2 | C45: Custom 1 (4-layer CNN) | D45: Accuracy | E45: 97.7 | F45: =ROUND(VALUE(E45)-'7-Baseline Performance Results'!E50,4) -> 67.33
A46: SCOPUS-000375 | B46: SCOPUS-000375-3 | C46: CSCW-YOLOv7 | D46: mAP@0.5 | E46: 94.4 | F46: =ROUND(VALUE(E46)-'7-Baseline Performance Results'!E51,4) -> 15.2
A47: SCOPUS-000584 | B47: SCOPUS-000584-5 | C47: YOLO v4-weeds | D47: mAP@0.5 | E47: 86.69 | F47: =ROUND(VALUE(E47)-'7-Baseline Performance Results'!E52,4) -> 6.36
A48: WEBSCI-000524 | B48: WEBSCI-000524-2 | C48: CED-Net (external study benchmark) | D48: mIoU | E48: 77 | F48: =ROUND(VALUE(E48)-'7-Baseline Performance Results'!E53,4) -> 13
A49: SCOPUS-000706 | B49: SCOPUS-000706-1 | C49: FCN-AlexNet FP16 | D49: mIoU | E49: 62.8 | F49: =ROUND(VALUE(E49)-'7-Baseline Performance Results'!E54,4) -> -7.7
A50: SCOPUS-000642 | B50: SCOPUS-000642-6 | C50: RVDR-YOLOv8 | D50: mAP@0.5 | E50: 93.8 | F50: =ROUND(VALUE(E50)-'7-Baseline Performance Results'!E55,4) -> 1.7
A51: SCOPUS-000132 | B51: SCOPUS-000132-6 | C51: YOLO11x | D51: mAP@0.5 | E51: 82.4 | F51: =ROUND(VALUE(E51)-'7-Baseline Performance Results'!E56,4) -> -0.6
A52: SCOPUS-000121 | B52: SCOPUS-000121-7 | C52: WeedDETR | D52: mAP@0.5 | E52: 83.9 | F52: =ROUND(VALUE(E52)-'7-Baseline Performance Results'!E57,4) -> 2.4
A53: SCOPUS-000267 | B53: SCOPUS-000267-5 | C53: Proposed | D53: mIoU | E53: 76.7 | F53: =ROUND(VALUE(E53)-'7-Baseline Performance Results'!E58,4) -> 8.7
A54: SCOPUS-000629 | B54: SCOPUS-000629-1 | C54: RetinaNet + fake weeds (model 7-R) | D54: mAP@0.5 | E54: 92.8 | F54: =ROUND(VALUE(E54)-'7-Baseline Performance Results'!E19,4) -> 9.1
A55: SCOPUS-000139 | B55: SCOPUS-000139-3 | C55: YOLOv9s (Syn10 Real90) | D55: mAP@0.5 | E55: 89.9 | F55: =ROUND(VALUE(E55)-'7-Baseline Performance Results'!E13,4) -> 1.2
A56: SCOPUS-000074 | B56: SCOPUS-000074-5 | C56: UNet++ | D56: mIoU | E56: 80.85 | F56: =ROUND(VALUE(E56)-'7-Baseline Performance Results'!E59,4) -> 5.62
A57: SCOPUS-000107 | B57: SCOPUS-000107-2 | C57: Teacher (DeepLabV3+) | D57: mIoU | E57: 94.98 | F57: =ROUND(VALUE(E57)-'7-Baseline Performance Results'!E60,4) -> 10.45
A58: SCOPUS-000193 | B58: SCOPUS-000193-13 | C58: MCS-YOLO | D58: mAP@0.5 | E58: 76.4 | F58: =ROUND(VALUE(E58)-'7-Baseline Performance Results'!E61,4) -> 3.1
A59: SCOPUS-000092 | B59: SCOPUS-000092-3 | C59: YOLOv12-s (semi-supervised) | D59: mAP@0.5 | E59: 82.8 | F59: =ROUND(VALUE(E59)-'7-Baseline Performance Results'!E62,4) -> 2.1
A60: SCOPUS-000296 | B60: SCOPUS-000296-2 | C60: DETR (benchmark) | D60: mAP@0.5 | E60: 98.7 | F60: =ROUND(VALUE(E60)-'7-Baseline Performance Results'!E63,4) -> 1.8
A61: SCOPUS-000255 | B61: SCOPUS-000255-6 | C61: YOLO-CornSeg | D61: mIoU | E61: 91.1 | F61: =ROUND(VALUE(E61)-'7-Baseline Performance Results'!E64,4) -> 15.7
A62: SCOPUS-000223 | B62: SCOPUS-000223-2 | C62: SSS-YOLO | D62: mAP@0.5 | E62: 77.4 | F62: =ROUND(VALUE(E62)-'7-Baseline Performance Results'!E65,4) -> 8.6
A63: SCOPUS-000216 | B63: SCOPUS-000216-1 | C63: YOLOv8-nano (tuned) | D63: mAP@0.5 | E63: 92.1 | F63: =ROUND(VALUE(E63)-'7-Baseline Performance Results'!E66,4) -> 1.9
A64: SCOPUS-000168 | B64: SCOPUS-000168-2 | C64: Random Forest | D64: Accuracy | E64: 93.5 | F64: =ROUND(VALUE(E64)-'7-Baseline Performance Results'!E67,4) -> 45.2
A65: SCOPUS-000066 | B65: SCOPUS-000066-3 | C65: SEAFEC | D65: mIoU | E65: 90.8 | F65: =ROUND(VALUE(E65)-'7-Baseline Performance Results'!E69,4) -> 3.4
A66: SCOPUS-000015 | B66: SCOPUS-000015-13 | C66: PRC-Net | D66: mIoU | E66: 83.97 | F66: =ROUND(VALUE(E66)-'7-Baseline Performance Results'!E70,4) -> 20.53
A67: SCOPUS-000180 | B67: SCOPUS-000180-9 | C67: CAFE-DETR | D67: mAP@0.5 | E67: 89.5 | F67: =ROUND(VALUE(E67)-'7-Baseline Performance Results'!E71,4) -> 16.7
A68: SCOPUS-000065 | B68: SCOPUS-000065-5 | C68: Proposed model | D68: mIoU | E68: 84.99 | F68: =ROUND(VALUE(E68)-'7-Baseline Performance Results'!E72,4) -> 2.03
A69: SCOPUS-000030 | B69: SCOPUS-000030-2 | C69: HDMNet ACRE-trained, 1-shot, different pretraining | D69: mIoU | E69: 44.47 | F69: =ROUND(VALUE(E69)-'7-Baseline Performance Results'!E141,4) -> 18.12
A70: WEBSCI-000402 | B70: WEBSCI-000402-6 | C70: ResNet-50-CBAM | D70: Accuracy | E70: 99.5 | F70: =ROUND(VALUE(E70)-'7-Baseline Performance Results'!E73,4) -> 10.3
A71: SCOPUS-000300 | B71: SCOPUS-000300-6 | C71: DINO-Swin/L | D71: mAP@0.5 | E71: 76 | F71: =ROUND(VALUE(E71)-'7-Baseline Performance Results'!E74,4) -> 10.7
A72: SCOPUS-000099 | B72: SCOPUS-000099-3 | C72: MetaYOLOv8-Level | D72: mAP@0.5 | E72: 89.6 | F72: =ROUND(VALUE(E72)-'7-Baseline Performance Results'!E75,4) -> 3.1
A73: SCOPUS-000290 | B73: SCOPUS-000290-4 | C73: YOLOv5x | D73: mAP@0.5 | E73: 88.2 | F73: =ROUND(VALUE(E73)-'7-Baseline Performance Results'!E76,4) -> 7.3
A74: SCOPUS-000274 | B74: SCOPUS-000274-5 | C74: ResNet101 | D74: Accuracy | E74: 97.82 | F74: =ROUND(VALUE(E74)-'7-Baseline Performance Results'!E77,4) -> 16.27
A75: SCOPUS-000131 | B75: SCOPUS-000131-8 | C75: YOLOv8-MLD (unpruned teacher) | D75: mAP@0.5 | E75: 96.5 | F75: =ROUND(VALUE(E75)-'7-Baseline Performance Results'!E79,4) -> 4.9
A76: SCOPUS-000001 | B76: SCOPUS-000001-1 | C76: YOLOv9 | D76: mAP@0.5 | E76: 93.5 | F76: =ROUND(VALUE(E76)-'7-Baseline Performance Results'!E80,4) -> 1
A77: SCOPUS-000012 | B77: SCOPUS-000012-1 | C77: EfficientNet (4-class ROI) | D77: Accuracy | E77: 89.55 | F77: =ROUND(VALUE(E77)-'7-Baseline Performance Results'!E81,4) -> 2.98
A78: SCOPUS-000047 | B78: SCOPUS-000047-1 | C78: SPH+MSCA | D78: mAP@0.5 | E78: 96.4 | F78: =ROUND(VALUE(E78)-'7-Baseline Performance Results'!E82,4) -> 2.7
A79: SCOPUS-000049 | B79: SCOPUS-000049-1 | C79: ViT-B/16 (class weighting + augmentation) | D79: Accuracy | E79: 96.9 | F79: =ROUND(VALUE(E79)-'7-Baseline Performance Results'!E83,4) -> 1.3
A80: SCOPUS-000059 | B80: SCOPUS-000059-1 | C80: Fuzzy rank fusion (tanh+exp+softplus) | D80: Accuracy | E80: 99.1 | F80: =ROUND(VALUE(E80)-'7-Baseline Performance Results'!E84,4) -> 0.18
A81: SCOPUS-000067 | B81: SCOPUS-000067-1 | C81: MF-WFS-LDA | D81: Accuracy | E81: 96.67 | F81: =ROUND(VALUE(E81)-'7-Baseline Performance Results'!E85,4) -> 2
A82: SCOPUS-000076 | B82: SCOPUS-000076-1 | C82: Mamba-Weed (SDI+LAE) | D82: mAP@0.5 | E82: 93.8 | F82: =ROUND(VALUE(E82)-'7-Baseline Performance Results'!E86,4) -> 1.1
A83: SCOPUS-000087 | B83: SCOPUS-000087-1 | C83: MobileNetV2 (TL + augmentation) | D83: Accuracy | E83: 96.6 | F83: =ROUND(VALUE(E83)-'7-Baseline Performance Results'!E87,4) -> 1.6
A84: SCOPUS-000089 | B84: SCOPUS-000089-1 | C84: Stacking (LogReg meta; RF+SVM+XGBoost+LightGBM) | D84: Accuracy | E84: 95.6 | F84: =ROUND(VALUE(E84)-'7-Baseline Performance Results'!E88,4) -> 0.8
A85: SCOPUS-000140 | B85: SCOPUS-000140-1 | C85: Residual U-Net-ResNet101 | D85: mIoU | E85: 87.12 | F85: =ROUND(VALUE(E85)-'7-Baseline Performance Results'!E89,4) -> 32.32
A86: SCOPUS-000148 | B86: SCOPUS-000148-1 | C86: CW-YOLO (HFF+EMRF+SSCD) | D86: mAP@0.5 | E86: 92.47 | F86: =ROUND(VALUE(E86)-'7-Baseline Performance Results'!E90,4) -> 1.1
... A97: SCOPUS-000262 | B97: SCOPUS-000262-1 | C97: Faster R-CNN | D97: mAP@0.5 | E97: 93.28 | F97: =ROUND(VALUE(E97)-'7-Baseline Performance Results'!E101,4) -> 11.78
A98: SCOPUS-000281 | B98: SCOPUS-000281-2 | C98: DPT + DINOv2 (vit_b) | D98: mIoU | E98: 90.18 | F98: =ROUND(VALUE(E98)-'7-Baseline Performance Results'!E102,4) -> 7.39
A99: SCOPUS-000288 | B99: SCOPUS-000288-1 | C99: AWRC-DLMLO (RA-UNet + ShuffleNetV2 + LOA + CQN) | D99: Accuracy | E99: 99.11 | F99: =ROUND(VALUE(E99)-'7-Baseline Performance Results'!E103,4) -> 0.24
A100: SCOPUS-000289 | B100: SCOPUS-000289-1 | C100: YOLOv9c | D100: mAP@0.5 | E100: 83.9 | F100: =ROUND(VALUE(E100)-'7-Baseline Performance Results'!E104,4) -> 3.3
A101: SCOPUS-000306 | B101: SCOPUS-000306-1 | C101: YOLOv8 (Real-ESRGAN SR) | D101: mIoU | E101: 51.16 | F101: =ROUND(VALUE(E101)-'7-Baseline Performance Results'!E105,4) -> -0.34
A102: SCOPUS-000319 | B102: SCOPUS-000319-1 | C102: InceptionV3 (ImageNet + custom head) | D102: Accuracy | E102: 97.83 | F102: =ROUND(VALUE(E102)-'7-Baseline Performance Results'!E106,4) -> 6.22
A103: SCOPUS-000344 | B103: SCOPUS-000344-1 | C103: proposed model based HSV (R-CNN+VGG16) | D103: Accuracy | E103: 98.3 | F103: =ROUND(VALUE(E103)-'7-Baseline Performance Results'!E107,4) -> 12.1
A104: SCOPUS-000364 | B104: SCOPUS-000364-1 | C104: RetinaNet R101-FPN (8x augmentation) | D104: mAP@0.5 | E104: 81.13 | F104: =ROUND(VALUE(E104)-'7-Baseline Performance Results'!E108,4) -> 1.15
A105: SCOPUS-000372 | B105: SCOPUS-000372-1 | C105: HierbaNetV1 (two-block) | D105: Accuracy | E105: 98.61 | F105: =ROUND(VALUE(E105)-'7-Baseline Performance Results'!E109,4) -> 0.7
A106: SCOPUS-000379 | B106: SCOPUS-000379-1 | C106: VGG16 (ImageNet transfer) | D106: Accuracy | E106: 97.83 | F106: =ROUND(VALUE(E106)-'7-Baseline Performance Results'!E110,4) -> 0.39
A107: SCOPUS-000383 | B107: SCOPUS-000383-1 | C107: YOLOv3 Training Image Set 4+ (10 m, 40k iter, angle/random aug) | D107: mAP@0.5 | E107: 54.25 | F107: =ROUND(VALUE(E107)-'7-Baseline Performance Results'!E111,4) -> 9.53
A108: SCOPUS-000402 | B108: SCOPUS-000402-1 | C108: YOLOv7 (all augmentation) | D108: mAP@0.5 | E108: 89.93 | F108: =ROUND(VALUE(E108)-'7-Baseline Performance Results'!E112,4) -> 1.43
A109: SCOPUS-000415 | B109: SCOPUS-000415-1 | C109: Deeplab-v3 ResNet50 (trained with noise sigmaN=160, tested on baseline) | D109: mIoU | E109: 69.6 | F109: =ROUND(VALUE(E109)-'7-Baseline Performance Results'!E113,4) -> 1
A110: SCOPUS-000421 | B110: SCOPUS-000421-1 | C110: YOLOv5m | D110: mAP@0.5 | E110: 41.1 | F110: =ROUND(VALUE(E110)-'7-Baseline Performance Results'!E114,4) -> 5.93
...

Sheet 9-Quality & Risk of Bias
A1: Domain | B1: Training-Data Barriers (RQ1) | D1: Mitigation Strategy (RQ2) | F1: Performance Reporting (RQ3 & RQ4) | J1: Experimental Context (Moderators) | N1: Methodological Credibility (RQ5) | S1: Synthetic Image Methods (RQ6) | U1: Assessment Judgments
A2: Study ID | B2: Is the specific training-data barrier(s) clearly identified and described? | C2: Is the prevalence or severity of the barrier quantified or well justified? | D2: Is the mitigation strategy clearly named and described? | E2: Is the link between the barrier and the chosen strategy explicitly justified? | F2: Are absolute performance values (before and after mitigation) reported with clear metrics? | G2: Is the baseline performance (without the mitigation) clearly reported? | H2: Is the performance gain calculated and reported transparently? | I2: Are performance results supported by uncertainty/variability evidence such as repeated runs, folds, SD, CI, or multiple seeds? | J2: Is the experimental environment clearly stated (field / UAV / greenhouse / lab / controlled)? | K2: Is dataset size (number of images or instances) clearly reported? | L2: Is the computer-vision task clearly specified (Detection / Classification / Segmentation)? | M2: Is the evaluation dataset reasonably representative of the intended operating conditions? | N2: Was a proper independent test set (or external validation) used? | O2: Was data leakage prevented? | P2: Were appropriate metrics used for the task? | Q2: Are limitations of the training data and mitigation strategy discussed? | R2: Are training/validation/test samples separated sufficiently to avoid closely related images or acquisition groups appearing across splits? | S2: If synthetic images were used, is the generation method clearly described? | T2: Is a fair comparison with non-synthetic alternatives provided? | U2: Domain-level Concern | V2: Overall Risk of Bias | W2: Applicability / Generalizability Concern
A3: SCOPUS-000349 | B3: Yes | C3: Yes | D3: Yes | E3: Yes | F3: Yes | G3: Yes | H3: Yes | I3: No | J3: Yes | K3: Yes | L3: Yes | M3: Partial | N3: Yes | O3: Yes | P3: Yes | Q3: Yes | R3: Yes | S3: Yes | T3: Yes | U3: Some concerns | V3: Low | W3: Some concerns
A4: SCOPUS-000473 | B4: Yes | C4: Yes | D4: Yes | E4: Yes | F4: Yes | G4: Yes | H4: Yes | I4: Unclear | J4: Yes | K4: Yes | L4: Yes | M4: Yes | N4: Yes | O4: Partial | P4: Yes | Q4: Yes | R4: Unclear | S4: N/A | T4: N/A | U4: Some concerns | V4: Low | W4: Low
A5: SCOPUS-000722 | B5: Yes | C5: Yes | D5: Yes | E5: Yes | F5: Yes | G5: Yes | H5: Partial | I5: No | J5: Yes | K5: Yes | L5: Yes | M5: Partial | N5: Yes | O5: Unclear | P5: Yes | Q5: Yes | R5: Unclear | S5: N/A | T5: N/A | U5: Some concerns | V5: Some concerns | W5: Some concerns
A6: SCOPUS-000153 | B6: Yes | C6: Yes | D6: Yes | E6: Yes | F6: Yes | G6: Yes | H6: Yes | I6: No | J6: Yes | K6: Yes | L6: Yes | M6: Yes | N6: Yes | O6: Yes | P6: Yes | Q6: Yes | R6: Yes | S6: N/A | T6: N/A | U6: Low | V6: Low | W6: Low
A7: SCOPUS-000522 | B7: Yes | C7: Partial | D7: Yes | E7: Yes | F7: Yes | G7: Yes | H7: Partial | I7: No | J7: Yes | K7: Yes | L7: Yes | M7: Yes | N7: Yes | O7: Unclear | P7: Yes | Q7: Partial | R7: Unclear | S7: N/A | T7: N/A | U7: Some concerns | V7: Some concerns | W7: Low
A8: SCOPUS-000487 | B8: Yes | C8: Yes | D8: Yes | E8: Yes | F8: Yes | G8: Yes | H8: Yes | I8: No | J8: Yes | K8: Yes | L8: Yes | M8: Yes | N8: Yes | O8: Unclear | P8: Yes | Q8: Partial | R8: Unclear | S8: Yes | T8: Yes | U8: Some concerns | V8: Some concerns | W8: Low
A9: SCOPUS-000328 | B9: Yes | C9: Partial | D9: Yes | E9: Yes | F9: Yes | G9: Yes | H9: Partial | I9: No | J9: Yes | K9: Yes | L9: Yes | M9: Yes | N9: Yes | O9: Unclear | P9: Yes | Q9: Partial | R9: Unclear | S9: N/A | T9: N/A | U9: Some concerns | V9: Some concerns | W9: Low
A10: SCOPUS-000234 | B10: Yes | C10: Yes | D10: Yes | E10: Yes | F10: Yes | G10: Yes | H10: Yes | I10: No | J10: Yes | K10: Yes | L10: Yes | M10: Partial | N10: Yes | O10: Partial | P10: Yes | Q10: Partial | R10: Unclear | S10: N/A | T10: N/A | U10: Some concerns | V10: Some concerns | W10: Some concerns
A11: SCOPUS-000220 | B11: Yes | C11: Yes | D11: Yes | E11: Yes | F11: Yes | G11: Yes | H11: Yes | I11: No | J11: Yes | K11: Yes | L11: Yes | M11: Partial | N11: Yes | O11: Unclear | P11: Yes | Q11: Partial | R11: Unclear | S11: N/A | T11: N/A | U11: Some concerns | V11: Some concerns | W11: Some concerns
A12: SCOPUS-000195 | B12: Yes | C12: Partial | D12: Yes | E12: Yes | F12: Yes | G12: Yes | H12: Partial | I12: No | J12: Yes | K12: Yes | L12: Yes | M12: Yes | N12: Yes | O12: Partial | P12: Yes | Q12: Partial | R12: Unclear | S12: N/A | T12: N/A | U12: Some concerns | V12: Some concerns | W12: Low
A13: SCOPUS-000139 | B13: Yes | C13: Yes | D13: Yes | E13: Yes | F13: Yes | G13: Yes | H13: Yes | I13: Unclear | J13: Yes | K13: Yes | L13: Yes | M13: Partial | N13: Yes | O13: Unclear | P13: Yes | Q13: Yes | R13: Unclear | S13: Yes | T13: Yes | U13: Some concerns | V13: Some concerns | W13: Some concerns
... A24: SCOPUS-000611 | B24: Yes | C24: Yes | D24: Yes | E24: Yes | F24: Yes | G24: Yes | H24: Partial | I24: No | J24: Partial | K24: Yes | L24: Yes | M24: Partial | N24: Yes | O24: No | P24: Yes | Q24: Yes | R24: No | S24: N/A | T24: N/A | U24: High | V24: High | W24: Some concerns
A25: SCOPUS-000738 | B25: Yes | C25: Yes | D25: Yes | E25: Yes | F25: Yes | G25: Yes | H25: Partial | I25: No | J25: Yes | K25: Yes | L25: Yes | M25: Yes | N25: Yes | O25: Partial | P25: Yes | Q25: Yes | R25: Partial | U25: Some concerns | V25: Some concerns | W25: Low
A26: SCOPUS-000114 | B26: Yes | C26: Partial | D26: Yes | E26: Partial | F26: Partial | G26: Partial | H26: Partial | I26: No | J26: Partial | K26: Partial | L26: Yes | M26: Partial | N26: Unclear | O26: Unclear | P26: Yes | Q26: Partial | R26: Unclear | S26: N/A | T26: N/A | U26: Some concerns | V26: Some concerns | W26: Some concerns
A27: SCOPUS-000366 | B27: Yes | C27: Yes | D27: Yes | E27: Yes | F27: Yes | G27: Yes | H27: Partial | I27: No | J27: Yes | K27: Yes | L27: Yes | M27: Partial | N27: Yes | O27: Unclear | P27: Yes | Q27: Partial | R27: Unclear | U27: Some concerns | V27: Some concerns | W27: Some concerns
A28: SCOPUS-000283 | B28: Yes | C28: Yes | D28: Yes | E28: Yes | F28: Yes | G28: Yes | H28: Yes | I28: No | J28: Yes | K28: Yes | L28: Yes | M28: Yes | N28: Yes | O28: No | P28: Yes | Q28: Partial | R28: No | S28: N/A | T28: N/A | U28: High | V28: High | W28: Some concerns
A29: SCOPUS-000276 | B29: Yes | C29: Yes | D29: Yes | E29: Yes | F29: Yes | G29: Yes | H29: Partial | I29: No | J29: Yes | K29: Yes | L29: Yes | M29: Yes | N29: Partial | O29: Unclear | P29: Yes | Q29: Yes | R29: Unclear | S29: N/A | T29: N/A | U29: Some concerns | V29: Some concerns | W29: Some concerns
A30: SCOPUS-000246 | B30: Yes | C30: Yes | D30: Yes | E30: Yes | F30: Yes | G30: Yes | H30: Yes | I30: No | J30: Yes | K30: Yes | L30: Yes | M30: Yes | N30: Yes | O30: Yes | P30: Yes | Q30: Yes | R30: Yes | S30: N/A | T30: N/A | U30: Low | V30: Low | W30: Low
A31: SCOPUS-000599 | B31: Yes | C31: Partial | D31: Yes | E31: Yes | F31: Yes | G31: Yes | H31: Partial | I31: Partial | J31: Yes | K31: Yes | L31: Yes | M31: Yes | N31: Yes | O31: Unclear | P31: Yes | Q31: Partial | R31: Unclear | U31: Some concerns | V31: Some concerns | W31: Some concerns
A32: SCOPUS-000280 | B32: Yes | C32: Yes | D32: Yes | E32: Yes | F32: Yes | G32: Yes | H32: Partial | I32: No | J32: Yes | K32: Yes | L32: Yes | M32: Yes | N32: Yes | O32: Unclear | P32: Yes | Q32: Yes | R32: Unclear | S32: N/A | T32: N/A | U32: Some concerns | V32: Some concerns | W32: Low
A33: SCOPUS-000063 | B33: Yes | C33: Yes | D33: Yes | E33: Yes | F33: Yes | G33: Yes | H33: Partial | I33: Yes | J33: Yes | K33: Yes | L33: Yes | M33: Partial | N33: Yes | O33: Unclear | P33: Yes | Q33: Partial | R33: Unclear | S33: Yes | T33: Yes | U33: Some concerns | V33: Some concerns | W33: Some concerns
A34: SCOPUS-000017 | B34: Yes | C34: Yes | D34: Yes | E34: Yes | F34: Yes | G34: Yes | H34: Partial | I34: No | J34: Yes | K34: Yes | L34: Yes | M34: Yes | N34: Yes | O34: Unclear | P34: Yes | Q34: Partial | R34: Unclear | S34: N/A | T34: N/A | U34: Some concerns | V34: Some concerns | W34: Low
A35: SCOPUS-000244 | B35: Yes | C35: Yes | D35: Yes | E35: Yes | F35: Yes | G35: Yes | H35: Partial | I35: No | J35: Yes | K35: Yes | L35: Yes | M35: Yes | N35: Yes | O35: Unclear | P35: Yes | Q35: Yes | R35: Unclear | S35: N/A | T35: N/A | U35: Some concerns | V35: Some concerns | W35: Low
A36: SCOPUS-000320 | B36: Yes | C36: Yes | D36: Yes | E36: Yes | F36: Yes | G36: Yes | H36: Partial | I36: No | J36: Yes | K36: Yes | L36: Yes | M36: Yes | N36: Yes | O36: No | P36: Yes | Q36: Partial | R36: No | S36: N/A | T36: N/A | U36: High | V36: High | W36: Some concerns
A37: SCOPUS-000086 | B37: Yes | C37: Yes | D37: Yes | E37: Yes | F37: Yes | G37: Yes | H37: Partial | I37: Partial | J37: Yes | K37: Yes | L37: Yes | M37: Yes | N37: Yes | O37: Yes | P37: Yes | Q37: Yes | R37: Yes | S37: N/A | T37: N/A | U37: Low | V37: Low | W37: Low
A38: SCOPUS-000652 | B38: Yes | C38: Partial | D38: Yes | E38: Yes | F38: Yes | G38: Yes | H38: Partial | I38: No | J38: Yes | K38: Yes | L38: Yes | M38: Partial | N38: Yes | O38: Unclear | P38: Yes | Q38: Partial | R38: Unclear | S38: N/A | T38: N/A | U38: Some concerns | V38: Some concerns | W38: Some concerns
A39: SCOPUS-000146 | B39: Yes | C39: Yes | D39: Yes | E39: Yes | F39: Yes | G39: Yes | H39: Partial | I39: No | J39: Yes | K39: Yes | L39: Yes | M39: Partial | N39: Yes | O39: Unclear | P39: Yes | Q39: Partial | R39: Unclear | S39: N/A | T39: N/A | U39: Some concerns | V39: Some concerns | W39: Some concerns
A40: SCOPUS-000352 | B40: Yes | C40: Yes | D40: Yes | E40: Yes | F40: Yes | G40: Yes | H40: Partial | I40: No | J40: Yes | K40: Yes | L40: Yes | M40: Yes | N40: Yes | O40: Unclear | P40: Yes | Q40: Partial | R40: Unclear | S40: N/A | T40: N/A | U40: Some concerns | V40: Some concerns | W40: Low
A41: SCOPUS-000175 | B41: Yes | C41: Yes | D41: Yes | E41: Yes | F41: Yes | G41: Yes | H41: Partial | I41: No | J41: Yes | K41: Yes | L41: Yes | M41: Yes | N41: Yes | O41: Unclear | P41: Yes | Q41: Partial | R41: Unclear | S41: N/A | T41: N/A | U41: Some concerns | V41: Some concerns | W41: Low
A42: SCOPUS-000574 | B42: Yes | C42: Yes | D42: Yes | E42: Yes | F42: Yes | G42: Yes | H42: Partial | I42: No | J42: Yes | K42: Yes | L42: Yes | M42: Yes | N42: Yes | O42: Yes | P42: Yes | Q42: Yes | R42: Yes | S42: N/A | T42: N/A | U42: Low | V42: Low | W42: Low
A43: SCOPUS-000358 | B43: Yes | C43: Partial | D43: Yes | E43: Yes | F43: Yes | G43: Yes | H43: Partial | I43: No | J43: Yes | K43: Yes | L43: Yes | M43: Partial | N43: Unclear | O43: Unclear | P43: Yes | Q43: Partial | R43: Unclear | S43: N/A | T43: N/A | U43: Some concerns | V43: Some concerns | W43: Some concerns
... A74: SCOPUS-000065 | B74: Yes | C74: Yes | D74: Yes | E74: Yes | F74: Yes | G74: Yes | H74: Yes | I74: No | J74: Yes | K74: Yes | L74: Yes | M74: Partial | N74: Yes | O74: Unclear | P74: Yes | Q74: Yes | R74: Unclear | S74: N/A | T74: N/A | U74: Some concerns | V74: Some concerns | W74: High
A75: SCOPUS-000030 | B75: Yes | C75: Yes | D75: Yes | E75: Yes | F75: Yes | G75: Yes | H75: Partial | I75: No | J75: Yes | K75: Yes | L75: Yes | M75: Partial | N75: Yes | O75: Unclear | P75: Yes | Q75: Partial | R75: Unclear | U75: Some concerns | V75: Some concerns | W75: Some concerns
A76: WEBSCI-000402 | B76: Yes | C76: Partial | D76: Yes | E76: Yes | F76: Yes | G76: Yes | H76: Yes | I76: No | J76: Yes | K76: Yes | L76: Yes | M76: Partial | N76: Partial | O76: No | P76: Yes | Q76: Partial | R76: Yes | U76: Low | V76: Low | W76: Low
A77: SCOPUS-000300 | B77: Yes | C77: Yes | D77: Yes | E77: Yes | F77: Yes | G77: Yes | H77: Partial | I77: No | J77: Yes | K77: Yes | L77: Yes | M77: Yes | N77: Yes | O77: Unclear | P77: Yes | Q77: Yes | R77: Unclear | S77: N/A | T77: N/A | U77: Some concerns | V77: Some concerns | W77: Some concerns
A78: SCOPUS-000099 | B78: Yes | C78: Yes | D78: Yes | E78: Yes | F78: Yes | G78: Yes | H78: Yes | I78: No | J78: Yes | K78: Yes | L78: Yes | M78: Yes | N78: Yes | O78: Unclear | P78: Yes | Q78: Yes | R78: Unclear | S78: N/A | T78: N/A | U78: Some concerns | V78: Some concerns | W78: Some concerns
A79: SCOPUS-000287 | B79: Yes | C79: Partial | D79: Yes | E79: Yes | F79: Yes | G79: Yes | H79: Partial | I79: No | J79: Yes | K79: Yes | L79: Yes | M79: Yes | N79: Yes | O79: Unclear | P79: Yes | Q79: Yes | R79: Unclear | S79: N/A | T79: N/A | U79: Some concerns | V79: Some concerns | W79: Some concerns
A80: SCOPUS-000290 | B80: Yes | C80: Partial | D80: Yes | E80: Yes | F80: Yes | G80: Yes | H80: Yes | I80: No | J80: Yes | K80: Yes | L80: Yes | M80: Yes | N80: Yes | O80: Unclear | P80: Yes | Q80: Yes | R80: Unclear | S80: N/A | T80: N/A | U80: Some concerns | V80: Some concerns | W80: Some concerns
A81: SCOPUS-000274 | B81: Yes | C81: Partial | D81: Yes | E81: Yes | F81: Yes | G81: Yes | H81: Partial | I81: No | J81: Yes | K81: Yes | L81: Yes | M81: Partial | N81: Partial | O81: Unclear | P81: Yes | Q81: Partial | R81: Unclear | S81: N/A | T81: N/A | U81: Some concerns | V81: Some concerns | W81: Some concerns
A82: SCOPUS-000084 | B82: Yes | C82: Partial | D82: Yes | E82: Yes | F82: Yes | G82: Yes | H82: Partial | I82: No | J82: Yes | K82: Yes | L82: Yes | M82: Yes | N82: Partial | O82: Unclear | P82: Yes | Q82: Partial | R82: Unclear | S82: N/A | T82: N/A | U82: Some concerns | V82: Some concerns | W82: Some concerns
A83: SCOPUS-000131 | B83: Yes | C83: Partial | D83: Yes | E83: Yes | F83: Yes | G83: Yes | H83: Partial | I83: No | J83: Yes | K83: Yes | L83: Yes | M83: Partial | N83: Partial | O83: Unclear | P83: Yes | Q83: Partial | R83: Unclear | S83: N/A | T83: N/A | U83: Some concerns | V83: Some concerns | W83: Some concerns
A84: SCOPUS-000001 | B84: Yes | C84: Partial | D84: Yes | E84: Partial | F84: Yes | G84: Yes | H84: Partial | I84: No | J84: Yes | K84: Yes | L84: Yes | M84: Yes | N84: Yes | O84: Unclear | P84: Yes | Q84: Yes | R84: Unclear | S84: N/A | T84: N/A | U84: Some concerns | V84: Some concerns | W84: Some concerns
A85: SCOPUS-000012 | B85: Yes | C85: Yes | D85: Yes | E85: Partial | F85: Yes | G85: Yes | H85: Partial | I85: No | J85: Yes | K85: Yes | L85: Yes | M85: Partial | N85: Yes | O85: Unclear | P85: Yes | Q85: Yes | R85: Unclear | S85: N/A | T85: N/A | U85: Some concerns | V85: Some concerns | W85: Some concerns
A86: SCOPUS-000047 | B86: Yes | C86: Partial | D86: Yes | E86: Yes | F86: Yes | G86: Yes | H86: Yes | I86: No | J86: Yes | K86: Yes | L86: Yes | M86: Partial | N86: No | O86: Unclear | P86: Yes | Q86: Yes | R86: Unclear | S86: N/A | T86: N/A | U86: Some concerns | V86: Some concerns | W86: Some concerns
A87: SCOPUS-000049 | B87: Yes | C87: Yes | D87: Yes | E87: Yes | F87: Yes | G87: Yes | H87: Partial | I87: Yes | J87: Yes | K87: Yes | L87: Yes | M87: Yes | N87: Yes | O87: Unclear | P87: Yes | Q87: Yes | R87: Partial | S87: N/A | T87: N/A | U87: Some concerns | V87: Some concerns | W87: Some concerns
A88: SCOPUS-000059 | B88: Yes | C88: Partial | D88: Yes | E88: Yes | F88: Yes | G88: Yes | H88: Yes | I88: Yes | J88: Yes | K88: Yes | L88: Yes | M88: Yes | N88: Partial | O88: Unclear | P88: Yes | Q88: Yes | R88: Unclear | S88: N/A | T88: N/A | U88: Some concerns | V88: Some concerns | W88: Some concerns
... A105: SCOPUS-000262 | B105: Yes | C105: Partial | D105: Yes | E105: Partial | F105: Yes | G105: Yes | H105: Partial | I105: Yes | J105: Yes | K105: Yes | L105: Yes | M105: Partial | N105: Partial | O105: Unclear | P105: Yes | Q105: Yes | R105: Unclear | S105: N/A | T105: N/A | U105: Some concerns | V105: Some concerns | W105: Some concerns
A106: SCOPUS-000281 | B106: Yes | C106: Yes | D106: Yes | E106: Partial | F106: Yes | G106: Yes | H106: Partial | I106: No | J106: Yes | K106: Yes | L106: Yes | M106: Partial | N106: No | O106: Unclear | P106: Yes | Q106: Yes | R106: Unclear | U106: Some concerns | V106: Some concerns | W106: Some concerns
A107: SCOPUS-000288 | B107: Yes | C107: Partial | D107: Yes | E107: Partial | F107: Yes | G107: Yes | H107: Partial | I107: Yes | J107: Partial | K107: Yes | L107: Yes | M107: Partial | N107: Partial | O107: Unclear | P107: Yes | Q107: Partial | R107: Unclear | S107: N/A | T107: N/A | U107: Some concerns | V107: High | W107: Some concerns
A108: SCOPUS-000289 | B108: Yes | C108: Yes | D108: Yes | E108: Partial | F108: Yes | G108: Yes | H108: Yes | I108: No | J108: Yes | K108: Yes | L108: Yes | M108: Partial | N108: Yes | O108: Unclear | P108: Yes | Q108: Yes | R108: Unclear | S108: N/A | T108: N/A | U108: Some concerns | V108: Some concerns | W108: Some concerns
A109: SCOPUS-000306 | B109: Yes | C109: Yes | D109: Yes | E109: Partial | F109: Yes | G109: Yes | H109: Partial | I109: No | J109: Yes | K109: Yes | L109: Yes | M109: Yes | N109: No | O109: Unclear | P109: Yes | Q109: Partial | R109: Unclear | S109: N/A | T109: N/A | U109: Some concerns | V109: Some concerns | W109: Some concerns
A110: SCOPUS-000319 | B110: Yes | C110: Partial | D110: Yes | E110: Partial | F110: Yes | G110: Yes | H110: Partial | I110: No | J110: Yes | K110: Yes | L110: Yes | M110: Partial | N110: Yes | O110: Unclear | P110: Yes | Q110: Partial | R110: Unclear | S110: N/A | T110: N/A | U110: Some concerns | V110: Some concerns | W110: Some concerns
A111: SCOPUS-000344 | B111: Yes | C111: Partial | D111: Yes | E111: Yes | F111: Yes | G111: Yes | H111: Partial | I111: No | J111: Yes | K111: Yes | L111: Yes | M111: Yes | N111: Partial | O111: Unclear | P111: Yes | Q111: Partial | R111: Unclear | S111: N/A | T111: N/A | U111: Some concerns | V111: Some concerns | W111: Some concerns
A112: SCOPUS-000364 | B112: Yes | C112: Yes | D112: Yes | E112: Yes | F112: Yes | G112: Yes | H112: Yes | I112: Yes | J112: Yes | K112: Yes | L112: Yes | M112: Yes | N112: Yes | O112: Unclear | P112: Yes | Q112: Yes | R112: Unclear | S112: N/A | T112: N/A | U112: Some concerns | V112: Some concerns | W112: Some concerns
A113: SCOPUS-000372 | B113: Yes | C113: Yes | D113: Yes | E113: Yes | F113: Yes | G113: Yes | H113: Yes | I113: Yes | J113: Yes | K113: Yes | L113: Yes | M113: Yes | N113: Yes | O113: Unclear | P113: Yes | Q113: Yes | R113: Unclear | S113: N/A | T113: N/A | U113: Some concerns | V113: Some concerns | W113: Some concerns
A114: SCOPUS-000379 | B114: Yes | C114: Yes | D114: Yes | E114: Partial | F114: Yes | G114: Yes | H114: Yes | I114: No | J114: Yes | K114: Yes | L114: Yes | M114: Partial | N114: Partial | O114: Unclear | P114: Yes | Q114: Yes | R114: Unclear | S114: N/A | T114: N/A | U114: Some concerns | V114: Some concerns | W114: Some concerns
A115: SCOPUS-000383 | B115: Yes | C115: Yes | D115: Yes | E115: Yes | F115: Yes | G115: Yes | H115: Yes | I115: No | J115: Yes | K115: Yes | L115: Yes | M115: Partial | N115: Partial | O115: Unclear | P115: Yes | Q115: Yes | R115: Unclear | S115: N/A | T115: N/A | U115: Some concerns | V115: Some concerns | W115: Some concerns
A116: SCOPUS-000402 | B116: Yes | C116: Yes | D116: Yes | E116: Yes | F116: Yes | G116: Yes | H116: Yes | I116: Yes | J116: Yes | K116: Yes | L116: Yes | M116: Partial | N116: Yes | O116: Unclear | P116: Yes | Q116: Yes | R116: Unclear | S116: N/A | T116: N/A | U116: Some concerns | V116: Some concerns | W116: Some concerns
A117: SCOPUS-000415 | B117: Yes | C117: Yes | D117: Yes | E117: Partial | F117: Yes | G117: Yes | H117: Partial | I117: No | J117: Yes | K117: Yes | L117: Yes | M117: Partial | N117: Yes | O117: Unclear | P117: Yes | Q117: Yes | R117: Unclear | S117: N/A | T117: N/A | U117: Some concerns | V117: Some concerns | W117: Some concerns
A118: SCOPUS-000421 | B118: Yes | C118: Yes | D118: Yes | E118: Partial | F118: Yes | G118: Yes | H118: Yes | I118: No | J118: Yes | K118: Partial | L118: Yes | M118: Partial | N118: Yes | O118: Unclear | P118: Yes | Q118: Yes | R118: Unclear | S118: Yes | T118: Partial | U118: Some concerns | V118: Some concerns | W118: Some concerns
... A141: WEBSCI-000559 | B141: Yes | C141: Yes | D141: Yes | E141: Yes | F141: Yes | G141: Yes | H141: Yes | I141: No | J141: Yes | K141: Yes | L141: Yes | M141: Partial | N141: Partial | O141: Unclear | P141: Yes | Q141: Yes | R141: Unclear | S141: N/A | T141: N/A | U141: Some concerns | V141: Some concerns | W141: Some concerns
